ID,Customer Name,Customer Email,Customer Gender
1,Marisa Obrien,carrollallison@example.com,Other
2,Jessica Rios,clarkeashley@example.com,Female
3,Christopher Robbins,gonzalestracy@example.com,Other
4,Christina Dillon,bradleyolson@example.org,Female
5,Alexander Carroll,bradleymark@example.com,Female
6,Rebecca Fleming,sheenasmith@example.com,Male
7,Jacqueline Wright,donaldkeith@example.org,Other
8,Denise Lee,joelwilliams@example.com,Male
9,Nicolas Wilson,joshua24@example.com,Other
10,William Dawson,clopez@example.com,Male
11,Joseph Moreno,mbrown@example.org,Male
12,Brandon Arnold,davisjohn@example.net,Male
13,Tamara Hahn,jensenwilliam@example.net,Other
14,Sandra Barnes,gwendolyn51@example.net,Other
15,Amy Hill,medinasteven@example.net,Female
16,Elizabeth Foley,amy41@example.net,Other
17,Julia Salazar,watkinsbarbara@example.com,Other
18,Joshua Castillo,mooredeborah@example.org,Female
19,Wendy Davis,brenda20@example.net,Male
20,Jeffrey Robertson,jameslopez@example.com,Female
21,Suzanne Holmes,rogermcgrath@example.net,Other
22,Tanner Conley,zbond@example.net,Male
23,Stephanie Nelson DVM,ljohnson@example.org,Female
24,Antonio Scott,carlsonmatthew@example.org,Female
25,John Cuevas,lbarron@example.org,Male
